Hyperlink to story:,First Name:,Last Name:,Email:,Country:,Language:,Story Title:,Judges Notes:
https://vncsjyedvqrhgeedwusw.supabase.co/storage/v1/object/public/story-pdfs/ce6ec835-3435-4b3c-a0f8-04260f7049fb_inbound3294205683223138722.pdf,Sakina,Ehsani,sakinaehsani501@gmail.com,Iran,Dari,The days of white-collared girls,"this is sooo realistic, it gave me goosebumps, but yeah it is long, I think she should cut the last part where she tries to stretch the story too far into the taliban era and stuff...the focus should be on the day she managed to escape the explosion"
https://vncsjyedvqrhgeedwusw.supabase.co/storage/v1/object/public/story-pdfs/496b0392-ee2f-4e88-b08e-688c0229254b_inbound6884060405355676646.pdf,Nik Mohammad,Shirzad,nikmohammadshirzad843@gmail.com,Afghanistan,Dari,A house beyond borders,the best one i have read so far
https://vncsjyedvqrhgeedwusw.supabase.co/storage/v1/object/public/story-pdfs/52bb0f3b-cd7b-4a9b-b11b-66efc8f38552_The_Keeper_of_Silent_Things_Maryam_.pdf,Sumaya,Barakzai,sumayabarakzai8@gmail.com,Afghanistan,English,The keeper of silent things (Maryam),"ok this is translated to english, the farsi version should be good"
https://vncsjyedvqrhgeedwusw.supabase.co/storage/v1/object/public/story-pdfs/8616fd9a-c4e0-45f3-aada-925b1ee8093d__.pdf,Fatema,Karimi,fatooshkarimi@gmail.com,Afghanistan,Dari,When the word crime is written: Literature of women's consumption as if it were the truth,"I couldnt agree more, original yet very respectable perspective, not a lot of people talk about this, so definitely worth paying attention to, but is it a story or more of an analytical essay?"
https://vncsjyedvqrhgeedwusw.supabase.co/storage/v1/object/public/story-pdfs/f86f3a3a-0ee0-4303-b2f4-1faa88131f9b_The_Word_of_Science.pdf,Mohammad Tareq,Jamiulahmadi,tariqjami66@gmail.com,Afghanistan,English,The Word of Science,"Meaningful but needs to be revised, extremely short sentences"
https://vncsjyedvqrhgeedwusw.supabase.co/storage/v1/object/public/story-pdfs/faf1a5fd-8777-436d-8124-0cf4bf82998d_inbound3407067591840478139.pdf,Raihan,Rahimi,rahainrahime@gmail.com,Afghanistan,English,If it was up to me.,"ok this is crearly translated with google translate or something, but the farsi version would have been nice especially if it were longer,"
https://vncsjyedvqrhgeedwusw.supabase.co/storage/v1/object/public/story-pdfs/e435dd53-0c38-4c83-b01c-01bc70834265__Artwork%20Nowhere%20to%20Belong.pdf,Angela,Gulistani,angelkimia22@gmail.com,Pakistan,English,Nowhere to Belong,"Nice art piece, it is good to have some visuals if we ever publish these. "
https://vncsjyedvqrhgeedwusw.supabase.co/storage/v1/object/public/story-pdfs/1329df12-0340-4af5-9f6b-a4c6a68fca04_The%20kiss.pdf,Angela,Gulistani,angelkimia22@gmail.com,Pakistan,English,The Forbidden Kiss,"nice piece, i wish the guy didnt have a gun, seems like he himself is implementing those lamenting laws that ""forbids"" the kiss"
https://vncsjyedvqrhgeedwusw.supabase.co/storage/v1/object/public/story-pdfs/b2fb427b-fb3e-4217-b55e-dc4279cc16b7_Artwork_%20The%20Book%20of%20Wings.pdf,Angela,Gulistani,angelkimia22@gmail.com,Pakistan,English,The Book of Wings,"Nice art piece, could be a nice cover to the story chapters"
https://vncsjyedvqrhgeedwusw.supabase.co/storage/v1/object/public/story-pdfs/9b92d49f-906e-432d-b5cb-4a3be3fba058_Vertigo_in_Kabul.pdf,Waheed,Hamoon,hamoon.waheed@gmail.com,Pakistan,English,Vertigo in Kabul,"Great start, like I was actually counting on it, but then it got lost in just random descriptions and typical misery story. the start describes kabul really nicely as it is, acknowldging the taliban but doesnt only circle around it until it doesss "
,,,,,,,
https://vncsjyedvqrhgeedwusw.supabase.co/storage/v1/object/public/story-pdfs/f4318d04-5b11-47a6-878b-ca4094858952_When_Do_We_Mourn_the_Land_.pdf,Tamanna,Saidi,Tamannasaidi@gmail.com,United States,English,When Do We Mourn the Land?,"It has a very strong message, but not very impressive writing,"
https://vncsjyedvqrhgeedwusw.supabase.co/storage/v1/object/public/story-pdfs/c3e7fa58-292e-4682-b0d3-a455db98cf80_Threads_of_Home.pdf,Farhad,Khatibi,farhad20031112@gmail.com,Afghanistan,English,Threads of Home,beautiful
https://vncsjyedvqrhgeedwusw.supabase.co/storage/v1/object/public/story-pdfs/20ad44be-63b2-4509-a78a-9eba902802b2_Truth_and_Silence_2025-10-30.pdf,Karima,Qias,karimeqias@gmail.com,Belgium,English,Truth and Silence,"I would keep this, about immigration"
,,,,,,,
https://vncsjyedvqrhgeedwusw.supabase.co/storage/v1/object/public/story-pdfs/bec34657-1838-4c4c-9edd-b2a1a7783131_A_thousand_and_One_Lives.pdf,Hasina,Zadran,hasina.zadran8404@gmail.com,United Kingdom,English,A Thousand and one lives: A tale of Patched Life in Three Pieces,Nicely describes Kabul
https://vncsjyedvqrhgeedwusw.supabase.co/storage/v1/object/public/story-pdfs/55dabe58-66ac-4041-8934-463c883c9f47_inbound7860924487866546740.pdf,Raihana,Samimi,raihanasamimi3@gmail.com,Afghanistan,Dari,«من و باران»,"Yes, keep it, this is the kind of stories worth hearing from afghanistan to wash out the war-torn picture"
https://vncsjyedvqrhgeedwusw.supabase.co/storage/v1/object/public/story-pdfs/ee805ce6-a2e1-410f-87bd-67bfd71309e1__.pdf,Akhiba,Tariq,akhibatariq@gmail.com,Afghanistan,Dari,من تنها ماندم,"keep it, talks about how university students survive their lives in afg, and ofc family tragedy, but I like the way it shades light on ordinary life and conversations people have."
https://vncsjyedvqrhgeedwusw.supabase.co/storage/v1/object/public/story-pdfs/2962c4db-7fa8-4f1a-9a32-04b88cfce7ea__.pdf,محمد,فرامرز,m.faramarz89@gmail.com,Afghanistan,Dari,فاطمه,"keep it, yup, depth of negative traditions it is"
https://vncsjyedvqrhgeedwusw.supabase.co/storage/v1/object/public/story-pdfs/ab2f5194-eb69-4553-835b-28f99f9b91e2__-_.pdf,Fatima,Mohammadi,mohammadifatima402@gmail.com,Afghanistan,Dari,قدم نو رسیده,keep it. on gender-based differences between new born babies
https://vncsjyedvqrhgeedwusw.supabase.co/storage/v1/object/public/story-pdfs/61b850d0-d516-4aad-9345-00ef6f38efb1__1.pdf,Fahima,Shafiq,shafeq.fahima@gmail.com,Afghanistan,Dari,چشمان بی ترس,could have ended on a better message
https://vncsjyedvqrhgeedwusw.supabase.co/storage/v1/object/public/story-pdfs/510a88ed-6a2c-4555-9235-787f8ce3a2d4__.pdf,Asia,Sultani,asiasultani17@gmail.com,Afghanistan,Dari,پر از خالی,Beautiful
,,,,,,,
https://vncsjyedvqrhgeedwusw.supabase.co/storage/v1/object/public/story-pdfs/de2aad98-abe0-4beb-ad73-1414cc1dcdf9____.pdf,Amina,Yaqobi,amenayaqubi96@gmail.com,Afghanistan,Dari,Eyes That Listen ,"keep this, family stuff"
https://vncsjyedvqrhgeedwusw.supabase.co/storage/v1/object/public/story-pdfs/5ef7d996-e47d-46f6-a594-b4fcc557aabb__.pdf,Zainab,Rahimi,zainabrahimi1313@gmail.com,Afghanistan,Dari,Hidden blood,"on period shame, keep it"
https://vncsjyedvqrhgeedwusw.supabase.co/storage/v1/object/public/story-pdfs/c0ab8c5a-70b9-4726-90f9-2bc8790e09c5__.pdf,Raihaneh,Karimi,raihanehka@gmail.com,Afghanistan,Dari,"Where are you, father?",Beautiful
https://vncsjyedvqrhgeedwusw.supabase.co/storage/v1/object/public/story-pdfs/5527f113-12d4-438a-aacb-ac9f8e8499f9_inbound4448682748260920432.pdf,شهلا,سامح,sameh.shahla2006@gmail.com,Afghanistan,Dari,Silent alley,"result of resisting to the taliban, an old man killed"
,,,,,,,
https://vncsjyedvqrhgeedwusw.supabase.co/storage/v1/object/public/story-pdfs/d6bf29dd-e171-4bd1-95ae-cd0dd2e481fe_.pdf,Masih,Mojahed,masihmojahed73@gmail.com,Afghanistan,Dari,Batur,Beautiful
https://vncsjyedvqrhgeedwusw.supabase.co/storage/v1/object/public/story-pdfs/44d629c5-8857-4b05-869a-d652dab38a85_inbound5398856079750140549.pdf,Fatema,Rahimi,fatemarahimi662@gmail.com,China,Dari,Two in the morning at the airport.,"Hmm, has tried to compress all of her life into one page, too much stuff going on"
,,,,,,,
https://vncsjyedvqrhgeedwusw.supabase.co/storage/v1/object/public/story-pdfs/21c81039-537a-40d3-a465-b440ceef7f6b__.pdf,Sayed adel,Sadat,sayedadil54@gmail.com,Afghanistan,Dari,The fallen walls,nice
https://vncsjyedvqrhgeedwusw.supabase.co/storage/v1/object/public/story-pdfs/9295319c-2bb7-440d-b620-646c1fc9ea68__.pdf,Najla,Zarifi,znajla173@gmail.com,Afghanistan,Dari,خوشحالی در قرنطینه‌ی اجباری,nice
https://vncsjyedvqrhgeedwusw.supabase.co/storage/v1/object/public/story-pdfs/57624973-2a0c-4ee3-b387-1760455acbcd__.pdf,Farangiz,Mohammadi,farangizmohammadi0@gmail.com,Afghanistan,Dari,«دختری در قفس شیشه‌ای با آرزوی تحصیل در دل برای رهایی از زندان (روایت پرندهٔ اسیر)»,"it is a bit scattered among different issues. it could have focused on lack of emotional safety at home, that could have made it more unique."
https://vncsjyedvqrhgeedwusw.supabase.co/storage/v1/object/public/story-pdfs/aa3e2a34-f95c-4499-92d6-0a8fd0d3b69f__.pdf,Farangis,Rahimi,farangisrahimi2020@gmail.com,Pakistan,Dari,رد پای خسته,"keep this, very real"
https://vncsjyedvqrhgeedwusw.supabase.co/storage/v1/object/public/story-pdfs/38d794ba-3dcb-4dc6-be68-dd0c3ab0986b__.pdf,Rahima,Mehrabi,rahimamehrabi1@gmail.com,Afghanistan,Dari,A Dream Behind the Fences رویایی پشت حصارها,"keep it, nicely written, talking about some afghan families who are a bigger part of the problem"
https://vncsjyedvqrhgeedwusw.supabase.co/storage/v1/object/public/story-pdfs/806de570-416d-4de3-b463-5db3476c9870__1.pdf,عزیزه,احدی,azizaahdi816@gmail.com,Afghanistan,Dari,آنسوی مرز,Keep it
https://vncsjyedvqrhgeedwusw.supabase.co/storage/v1/object/public/story-pdfs/b163c70d-3100-4942-b899-7fa3f9a12430__.pdf,Aysha,Qasemi,ayshaqasemi7@gmail.com,Afghanistan,Dari,Cold silence,mysogenestic sentiments - alright
https://vncsjyedvqrhgeedwusw.supabase.co/storage/v1/object/public/story-pdfs/1f9257f9-eae6-4b29-b430-ea5f153e7391__.pdf,Mahboba,Muhammadi,mahbobamuhammadi780@gmail.com,Afghanistan,Dari,نامه ای از آینده,Letter to future self